Image Name,Label
soloAUV 20220909-022544-072.png,Detected
soloAUV 20220909-022514-044.png,Detected
soloAUV 20220909-023226-437.png,Detected
soloAUV 20220909-022503-034.png,Detected
soloAUV 20220909-022435-008.png,Detected
soloAUV 20220909-022459-031.png,Detected
soloAUV 20220909-022525-054.png,Detected
soloAUV 20220909-022549-077.png,Detected
soloAUV 20220909-022504-035.png,Detected
soloAUV 20220909-022516-046.png,Detected
soloAUV 20220909-022437-010.png,Detected
soloAUV 20220909-022932-280.png,Detected
soloAUV 20220909-022519-049.png,Detected
soloAUV 20220909-022452-024.png,Detected
soloAUV 20220909-022648-131.png,Detected
soloAUV 20220909-022753-191.png,Detected
soloAUV 20220909-022923-272.png,Detected
soloAUV 20220909-022553-081.png,Detected
soloAUV 20220909-022506-037.png,Detected
soloAUV 20220909-022508-039.png,Detected
soloAUV 20220909-022540-069.png,Detected
soloAUV 20220909-022638-122.png,Detected
soloAUV 20220909-022510-041.png,Detected
soloAUV 20220909-022935-282.png,Detected
soloAUV 20220909-022547-075.png,Detected
soloAUV 20220909-022432-005.png,Detected
soloAUV 20220909-022853-245.png,Detected
soloAUV 20220909-022611-098.png,Detected
soloAUV 20220909-022458-030.png,Detected
soloAUV 20220909-022521-051.png,Detected
soloAUV 20220909-022539-068.png,NotDetected
soloAUV 20220909-022623-109.png,NotDetected
soloAUV 20220909-022752-190.png,NotDetected
soloAUV 20220909-022903-254.png,NotDetected
soloAUV 20220909-023204-417.png,NotDetected
soloAUV 20220909-023304-471.png,NotDetected
soloAUV 20220909-022724-165.png,NotDetected
soloAUV 20220909-023149-403.png,NotDetected
soloAUV 20220909-022610-097.png,NotDetected
soloAUV 20220909-023201-414.png,NotDetected
soloAUV 20220909-022602-089.png,NotDetected
soloAUV 20220909-023233-443.png,NotDetected
soloAUV 20220909-022754-192.png,NotDetected
soloAUV 20220909-022907-257.png,NotDetected
soloAUV 20220909-022842-235.png,NotDetected
soloAUV 20220909-023048-348.png,NotDetected
soloAUV 20220909-023237-447.png,NotDetected
soloAUV 20220909-022444-017.png,NotDetected
soloAUV 20220909-023231-441.png,NotDetected
soloAUV 20220909-022728-168.png,NotDetected
soloAUV 20220909-023221-432.png,NotDetected
soloAUV 20220909-023205-418.png,NotDetected
soloAUV 20220909-022530-059.png,NotDetected
soloAUV 20220909-022714-156.png,NotDetected
soloAUV 20220909-023329-493.png,NotDetected
soloAUV 20220909-023045-345.png,NotDetected
soloAUV 20220909-022749-187.png,NotDetected
soloAUV 20220909-023118-375.png,NotDetected
soloAUV 20220909-022936-283.png,NotDetected
soloAUV 20220909-022939-286.png,NotDetected
soloAUV 20220909-022911-261.png,NotDetected
soloAUV 20220909-023244-453.png,NotDetected
soloAUV 20220909-022718-159.png,NotDetected
soloAUV 20220909-022950-296.png,NotDetected
soloAUV 20220909-023323-488.png,NotDetected
soloAUV 20220909-022700-143.png,NotDetected
soloAUV 20220909-022655-138.png,NotDetected
soloAUV 20220909-022720-161.png,NotDetected
soloAUV 20220909-023213-425.png,NotDetected
soloAUV 20220909-023111-369.png,NotDetected
soloAUV 20220909-022533-062.png,NotDetected
soloAUV 20220909-022642-126.png,NotDetected
soloAUV 20220909-022441-014.png,NotDetected
soloAUV 20220909-022828-222.png,NotDetected
soloAUV 20220909-022755-193.png,NotDetected
soloAUV 20220909-022915-265.png,NotDetected
soloAUV 20220909-022643-127.png,NotDetected
soloAUV 20220909-022817-213.png,NotDetected
soloAUV 20220909-023222-433.png,NotDetected
soloAUV 20220909-022429-003.png,NotDetected
soloAUV 20220909-023142-397.png,NotDetected
soloAUV 20220909-023108-366.png,NotDetected
soloAUV 20220909-023314-480.png,NotDetected
soloAUV 20220909-022454-026.png,NotDetected
soloAUV 20220909-022834-227.png,NotDetected
soloAUV 20220909-023112-370.png,NotDetected
soloAUV 20220909-022436-009.png,NotDetected
soloAUV 20220909-022839-232.png,NotDetected
soloAUV 20220909-023320-485.png,NotDetected
soloAUV 20220909-022706-148.png,NotDetected
soloAUV 20220909-023214-426.png,NotDetected
soloAUV 20220909-022619-105.png,NotDetected
soloAUV 20220909-023053-353.png,NotDetected
soloAUV 20220909-023109-367.png,NotDetected
soloAUV 20220909-022509-040.png,NotDetected
soloAUV 20220909-023117-374.png,NotDetected
soloAUV 20220909-022447-020.png,NotDetected
soloAUV 20220909-022750-188.png,NotDetected
soloAUV 20220909-022634-119.png,NotDetected
soloAUV 20220909-023051-351.png,NotDetected
soloAUV 20220909-023137-392.png,NotDetected
soloAUV 20220909-023306-472.png,NotDetected
soloAUV 20220909-022815-211.png,NotDetected
soloAUV 20220909-022840-233.png,NotDetected
soloAUV 20220909-023206-419.png,NotDetected
soloAUV 20220909-023253-461.png,NotDetected
soloAUV 20220909-022910-260.png,NotDetected
soloAUV 20220909-022822-217.png,NotDetected
soloAUV 20220909-022844-237.png,NotDetected
soloAUV 20220909-023013-317.png,NotDetected
soloAUV 20220909-023200-413.png,NotDetected
soloAUV 20220909-022555-083.png,NotDetected
soloAUV 20220909-022809-205.png,NotDetected
soloAUV 20220909-023326-490.png,NotDetected
soloAUV 20220909-022631-116.png,NotDetected
soloAUV 20220909-023140-395.png,NotDetected
soloAUV 20220909-022702-145.png,NotDetected
soloAUV 20220909-022457-029.png,NotDetected
soloAUV 20220909-023059-358.png,NotDetected
soloAUV 20220909-023129-385.png,NotDetected
soloAUV 20220909-022552-080.png,NotDetected
soloAUV 20220909-022732-172.png,NotDetected
soloAUV 20220909-022814-210.png,NotDetected
soloAUV 20220909-022558-086.png,NotDetected
soloAUV 20220909-022859-250.png,NotDetected
soloAUV 20220909-022948-294.png,NotDetected
soloAUV 20220909-022658-141.png,NotDetected
soloAUV 20220909-023001-306.png,NotDetected
soloAUV 20220909-023310-476.png,NotDetected
soloAUV 20220909-022731-171.png,NotDetected
soloAUV 20220909-022621-107.png,NotDetected
soloAUV 20220909-022743-182.png,NotDetected
soloAUV 20220909-023332-496.png,NotDetected
soloAUV 20220909-022742-181.png,NotDetected
soloAUV 20220909-023202-415.png,NotDetected
soloAUV 20220909-022952-298.png,NotDetected
soloAUV 20220909-022958-303.png,NotDetected
soloAUV 20220909-023247-455.png,NotDetected
soloAUV 20220909-023000-305.png,NotDetected
soloAUV 20220909-022532-061.png,NotDetected
soloAUV 20220909-023239-448.png,NotDetected
soloAUV 20220909-023303-470.png,NotDetected
soloAUV 20220909-022934-281.png,NotDetected
soloAUV 20220909-023315-481.png,NotDetected
soloAUV 20220909-022523-052.png,NotDetected
soloAUV 20220909-023300-467.png,NotDetected
soloAUV 20220909-022451-023.png,NotDetected
soloAUV 20220909-022959-304.png,NotDetected
soloAUV 20220909-022810-206.png,NotDetected
soloAUV 20220909-022922-271.png,NotDetected
soloAUV 20220909-023148-402.png,NotDetected
soloAUV 20220909-022546-074.png,NotDetected
soloAUV 20220909-023128-384.png,NotDetected
soloAUV 20220909-023115-372.png,NotDetected
soloAUV 20220909-022930-278.png,NotDetected
soloAUV 20220909-022445-018.png,NotDetected
soloAUV 20220909-022440-013.png,NotDetected
soloAUV 20220909-023119-376.png,NotDetected
soloAUV 20220909-022550-078.png,NotDetected
soloAUV 20220909-023316-482.png,NotDetected
soloAUV 20220909-022627-112.png,NotDetected
soloAUV 20220909-022513-043.png,NotDetected
soloAUV 20220909-022535-064.png,NotDetected
soloAUV 20220909-022857-248.png,NotDetected
soloAUV 20220909-022957-302.png,NotDetected
soloAUV 20220909-023235-445.png,NotDetected
soloAUV 20220909-022821-216.png,NotDetected
soloAUV 20220909-022804-201.png,NotDetected
soloAUV 20220909-023255-463.png,NotDetected
soloAUV 20220909-022836-229.png,NotDetected
soloAUV 20220909-023036-337.png,NotDetected
soloAUV 20220909-023122-379.png,NotDetected
soloAUV 20220909-023105-363.png,NotDetected
soloAUV 20220909-022446-019.png,NotDetected
soloAUV 20220909-023046-346.png,NotDetected
soloAUV 20220909-022835-228.png,NotDetected
soloAUV 20220909-022637-121.png,NotDetected
soloAUV 20220909-022615-101.png,NotDetected
soloAUV 20220909-022848-240.png,NotDetected
soloAUV 20220909-022916-266.png,NotDetected
soloAUV 20220909-022937-284.png,NotDetected
soloAUV 20220909-022838-231.png,NotDetected
soloAUV 20220909-022603-090.png,NotDetected
soloAUV 20220909-023157-410.png,NotDetected
soloAUV 20220909-023318-483.png,NotDetected
soloAUV 20220909-023017-320.png,NotDetected
soloAUV 20220909-022545-073.png,NotDetected
soloAUV 20220909-022554-082.png,NotDetected
soloAUV 20220909-023007-311.png,NotDetected
soloAUV 20220909-023145-400.png,NotDetected
soloAUV 20220909-023124-381.png,NotDetected
soloAUV 20220909-023319-484.png,NotDetected
soloAUV 20220909-023057-356.png,NotDetected
soloAUV 20220909-022928-276.png,NotDetected
soloAUV 20220909-023154-408.png,NotDetected
soloAUV 20220909-023229-439.png,NotDetected
soloAUV 20220909-022520-050.png,NotDetected
soloAUV 20220909-023132-388.png,NotDetected
soloAUV 20220909-023217-428.png,NotDetected
soloAUV 20220909-022433-006.png,NotDetected
soloAUV 20220909-022656-139.png,NotDetected
soloAUV 20220909-023241-450.png,NotDetected
soloAUV 20220909-023308-474.png,NotDetected
soloAUV 20220909-023225-436.png,NotDetected
soloAUV 20220909-022606-093.png,NotDetected
soloAUV 20220909-022953-299.png,NotDetected
soloAUV 20220909-022812-208.png,NotDetected
soloAUV 20220909-023022-325.png,NotDetected
soloAUV 20220909-023337-500.png,NotDetected
soloAUV 20220909-022733-173.png,NotDetected
soloAUV 20220909-022630-115.png,NotDetected
soloAUV 20220909-022943-290.png,NotDetected
soloAUV 20220909-022531-060.png,NotDetected
soloAUV 20220909-023212-424.png,NotDetected
soloAUV 20220909-022536-065.png,NotDetected
soloAUV 20220909-023322-487.png,NotDetected
soloAUV 20220909-022940-287.png,NotDetected
soloAUV 20220909-022757-195.png,NotDetected
soloAUV 20220909-023056-355.png,NotDetected
soloAUV 20220909-023052-352.png,NotDetected
soloAUV 20220909-022653-136.png,NotDetected
soloAUV 20220909-022517-047.png,NotDetected
soloAUV 20220909-022837-230.png,NotDetected
soloAUV 20220909-023331-495.png,NotDetected
soloAUV 20220909-022502-033.png,NotDetected
soloAUV 20220909-023139-394.png,NotDetected
soloAUV 20220909-022719-160.png,NotDetected
soloAUV 20220909-023330-494.png,NotDetected
soloAUV 20220909-022847-239.png,NotDetected
soloAUV 20220909-022551-079.png,NotDetected
soloAUV 20220909-022912-262.png,NotDetected
soloAUV 20220909-022807-203.png,NotDetected
soloAUV 20220909-023327-491.png,NotDetected
soloAUV 20220909-022808-204.png,NotDetected
soloAUV 20220909-023259-466.png,NotDetected
soloAUV 20220909-022851-243.png,NotDetected
soloAUV 20220909-022617-103.png,NotDetected
soloAUV 20220909-023245-454.png,NotDetected
soloAUV 20220909-022725-166.png,NotDetected
soloAUV 20220909-022722-163.png,NotDetected
soloAUV 20220909-023302-469.png,NotDetected
soloAUV 20220909-022721-162.png,NotDetected
soloAUV 20220909-022758-196.png,NotDetected
soloAUV 20220909-023234-444.png,NotDetected
soloAUV 20220909-022538-067.png,NotDetected
soloAUV 20220909-023040-341.png,NotDetected
soloAUV 20220909-022501-032.png,NotDetected
soloAUV 20220909-022505-036.png,NotDetected
soloAUV 20220909-023152-406.png,NotDetected
soloAUV 20220909-022956-301.png,NotDetected
soloAUV 20220909-022951-297.png,NotDetected
soloAUV 20220909-022442-015.png,NotDetected
soloAUV 20220909-022705-147.png,NotDetected
soloAUV 20220909-023254-462.png,NotDetected
soloAUV 20220909-022920-269.png,NotDetected
soloAUV 20220909-023012-316.png,NotDetected
soloAUV 20220909-022712-154.png,NotDetected
soloAUV 20220909-023307-473.png,NotDetected
soloAUV 20220909-023041-342.png,NotDetected
soloAUV 20220909-022448-021.png,NotDetected
soloAUV 20220909-023218-429.png,NotDetected
soloAUV 20220909-022518-048.png,NotDetected
soloAUV 20220909-022628-113.png,NotDetected
soloAUV 20220909-022704-146.png,NotDetected
soloAUV 20220909-022639-123.png,NotDetected
soloAUV 20220909-022954-300.png,NotDetected
soloAUV 20220909-022453-025.png,NotDetected
soloAUV 20220909-023227-438.png,NotDetected
soloAUV 20220909-023039-340.png,NotDetected
soloAUV 20220909-022604-091.png,NotDetected
soloAUV 20220909-022734-174.png,NotDetected
soloAUV 20220909-023106-364.png,NotDetected
soloAUV 20220909-022927-275.png,NotDetected
soloAUV 20220909-022820-215.png,NotDetected
soloAUV 20220909-022618-104.png,NotDetected
soloAUV 20220909-022455-027.png,NotDetected
soloAUV 20220909-023136-391.png,NotDetected
soloAUV 20220909-023008-312.png,NotDetected
soloAUV 20220909-022926-274.png,NotDetected
soloAUV 20220909-023224-435.png,NotDetected
soloAUV 20220909-023104-362.png,NotDetected
soloAUV 20220909-023158-411.png,NotDetected
soloAUV 20220909-023203-416.png,NotDetected
soloAUV 20220909-022632-117.png,NotDetected
soloAUV 20220909-023038-339.png,NotDetected
soloAUV 20220909-023032-334.png,NotDetected
soloAUV 20220909-022949-295.png,NotDetected
soloAUV 20220909-022557-085.png,NotDetected
soloAUV 20220909-022608-095.png,NotDetected
soloAUV 20220909-023050-350.png,NotDetected
soloAUV 20220909-022830-224.png,NotDetected
soloAUV 20220909-022609-096.png,NotDetected
soloAUV 20220909-023002-307.png,NotDetected
soloAUV 20220909-023033-335.png,NotDetected
soloAUV 20220909-022938-285.png,NotDetected
soloAUV 20220909-022852-244.png,NotDetected
soloAUV 20220909-022512-042.png,NotDetected
soloAUV 20220909-022645-129.png,NotDetected
soloAUV 20220909-023258-465.png,NotDetected
soloAUV 20220909-022944-291.png,NotDetected
soloAUV 20220909-022429-002.png,NotDetected
soloAUV 20220909-022612-099.png,NotDetected
soloAUV 20220909-023138-393.png,NotDetected
soloAUV 20220909-023251-459.png,NotDetected
soloAUV 20220909-022756-194.png,NotDetected
soloAUV 20220909-023029-331.png,NotDetected
soloAUV 20220909-022507-038.png,NotDetected
soloAUV 20220909-022816-212.png,NotDetected
soloAUV 20220909-022902-253.png,NotDetected
soloAUV 20220909-022858-249.png,NotDetected
soloAUV 20220909-023023-326.png,NotDetected
soloAUV 20220909-022524-053.png,NotDetected
soloAUV 20220909-022825-220.png,NotDetected
soloAUV 20220909-023003-308.png,NotDetected
soloAUV 20220909-023324-489.png,NotDetected
soloAUV 20220909-022713-155.png,NotDetected
soloAUV 20220909-023126-382.png,NotDetected
soloAUV 20220909-023100-359.png,NotDetected
soloAUV 20220909-022434-007.png,NotDetected
soloAUV 20220909-023047-347.png,NotDetected
soloAUV 20220909-023219-430.png,NotDetected
soloAUV 20220909-022856-247.png,NotDetected
soloAUV 20220909-022805-202.png,NotDetected
soloAUV 20220909-022737-177.png,NotDetected
soloAUV 20220909-022710-152.png,NotDetected
soloAUV 20220909-023156-409.png,NotDetected
soloAUV 20220909-022456-028.png,NotDetected
soloAUV 20220909-023116-373.png,NotDetected
soloAUV 20220909-023021-324.png,NotDetected
soloAUV 20220909-022931-279.png,NotDetected
soloAUV 20220909-022633-118.png,NotDetected
soloAUV 20220909-022854-246.png,NotDetected
soloAUV 20220909-022832-226.png,NotDetected
soloAUV 20220909-023102-361.png,NotDetected
soloAUV 20220909-023027-329.png,NotDetected
soloAUV 20220909-023031-333.png,NotDetected
soloAUV 20220909-022701-144.png,NotDetected
soloAUV 20220909-023015-319.png,NotDetected
soloAUV 20220909-022746-185.png,NotDetected
soloAUV 20220909-022827-221.png,NotDetected
soloAUV 20220909-023034-336.png,NotDetected
soloAUV 20220909-022607-094.png,NotDetected
soloAUV 20220909-023014-318.png,NotDetected
soloAUV 20220909-022541-070.png,NotDetected
soloAUV 20220909-023311-477.png,NotDetected
soloAUV 20220909-023121-378.png,NotDetected
soloAUV 20220909-023301-468.png,NotDetected
soloAUV 20220909-022443-016.png,NotDetected
soloAUV 20220909-023232-442.png,NotDetected
soloAUV 20220909-023026-328.png,NotDetected
soloAUV 20220909-022913-263.png,NotDetected
soloAUV 20220909-022730-170.png,NotDetected
soloAUV 20220909-022738-178.png,NotDetected
soloAUV 20220909-023127-383.png,NotDetected
soloAUV 20220909-022801-198.png,NotDetected
soloAUV 20220909-022616-102.png,NotDetected
soloAUV 20220909-022723-164.png,NotDetected
soloAUV 20220909-023150-404.png,NotDetected
soloAUV 20220909-023011-315.png,NotDetected
soloAUV 20220909-022744-183.png,NotDetected
soloAUV 20220909-023328-492.png,NotDetected
soloAUV 20220909-022849-241.png,NotDetected
soloAUV 20220909-022641-125.png,NotDetected
soloAUV 20220909-023020-323.png,NotDetected
soloAUV 20220909-022919-268.png,NotDetected
soloAUV 20220909-023147-401.png,NotDetected
soloAUV 20220909-023252-460.png,NotDetected
soloAUV 20220909-023236-446.png,NotDetected
soloAUV 20220909-023208-420.png,NotDetected
soloAUV 20220909-022843-236.png,NotDetected
soloAUV 20220909-023223-434.png,NotDetected
soloAUV 20220909-022736-176.png,NotDetected
soloAUV 20220909-022537-066.png,NotDetected
soloAUV 20220909-022659-142.png,NotDetected
soloAUV 20220909-023151-405.png,NotDetected
soloAUV 20220909-022657-140.png,NotDetected
soloAUV 20220909-022644-128.png,NotDetected
soloAUV 20220909-022811-207.png,NotDetected
soloAUV 20220909-022900-251.png,NotDetected
soloAUV 20220909-023133-389.png,NotDetected
soloAUV 20220909-022527-056.png,NotDetected
soloAUV 20220909-023230-440.png,NotDetected
soloAUV 20220909-023256-464.png,NotDetected
soloAUV 20220909-023135-390.png,NotDetected
soloAUV 20220909-022740-180.png,NotDetected
soloAUV 20220909-023209-421.png,NotDetected
soloAUV 20220909-023010-314.png,NotDetected
soloAUV 20220909-023042-343.png,NotDetected
soloAUV 20220909-023018-321.png,NotDetected
soloAUV 20220909-022601-088.png,NotDetected
soloAUV 20220909-022439-012.png,NotDetected
soloAUV 20220909-023028-330.png,NotDetected
soloAUV 20220909-023004-309.png,NotDetected
soloAUV 20220909-022946-292.png,NotDetected
soloAUV 20220909-022711-153.png,NotDetected
soloAUV 20220909-022640-124.png,NotDetected
soloAUV 20220909-023159-412.png,NotDetected
soloAUV 20220909-022709-151.png,NotDetected
soloAUV 20220909-022802-199.png,NotDetected
soloAUV 20220909-022654-137.png,NotDetected
soloAUV 20220909-023334-497.png,NotDetected
soloAUV 20220909-023120-377.png,NotDetected
soloAUV 20220909-023249-457.png,NotDetected
soloAUV 20220909-023030-332.png,NotDetected
soloAUV 20220909-022556-084.png,NotDetected
soloAUV 20220909-023130-386.png,NotDetected
soloAUV 20220909-022605-092.png,NotDetected
soloAUV 20220909-022729-169.png,NotDetected
soloAUV 20220909-022841-234.png,NotDetected
soloAUV 20220909-022559-087.png,NotDetected
soloAUV 20220909-022925-273.png,NotDetected
soloAUV 20220909-023242-451.png,NotDetected
soloAUV 20220909-022431-004.png,NotDetected
soloAUV 20220909-023153-407.png,NotDetected
soloAUV 20220909-022548-076.png,NotDetected
soloAUV 20220909-023250-458.png,NotDetected
soloAUV 20220909-023309-475.png,NotDetected
soloAUV 20220909-022542-071.png,NotDetected
soloAUV 20220909-022515-045.png,NotDetected
soloAUV 20220909-022906-256.png,NotDetected
soloAUV 20220909-022629-114.png,NotDetected
soloAUV 20220909-022529-058.png,NotDetected
soloAUV 20220909-022613-100.png,NotDetected
soloAUV 20220909-022707-149.png,NotDetected
soloAUV 20220909-023210-422.png,NotDetected
soloAUV 20220909-023215-427.png,NotDetected
soloAUV 20220909-022534-063.png,NotDetected
soloAUV 20220909-022650-133.png,NotDetected
soloAUV 20220909-023101-360.png,NotDetected
soloAUV 20220909-022652-135.png,NotDetected
soloAUV 20220909-022428-001.png,NotDetected
soloAUV 20220909-022625-110.png,NotDetected
soloAUV 20220909-022747-186.png,NotDetected
soloAUV 20220909-023336-499.png,NotDetected
soloAUV 20220909-023005-310.png,NotDetected
soloAUV 20220909-022823-218.png,NotDetected
soloAUV 20220909-023243-452.png,NotDetected
soloAUV 20220909-023049-349.png,NotDetected
soloAUV 20220909-022941-288.png,NotDetected
soloAUV 20220909-022901-252.png,NotDetected
soloAUV 20220909-023054-354.png,NotDetected
soloAUV 20220909-023312-478.png,NotDetected
soloAUV 20220909-022829-223.png,NotDetected
soloAUV 20220909-023058-357.png,NotDetected
soloAUV 20220909-022845-238.png,NotDetected
soloAUV 20220909-022620-106.png,NotDetected
soloAUV 20220909-022929-277.png,NotDetected
soloAUV 20220909-023019-322.png,NotDetected
soloAUV 20220909-023037-338.png,NotDetected
soloAUV 20220909-023211-423.png,NotDetected
soloAUV 20220909-023143-398.png,NotDetected
soloAUV 20220909-022735-175.png,NotDetected
soloAUV 20220909-022715-157.png,NotDetected
soloAUV 20220909-022918-267.png,NotDetected
soloAUV 20220909-022739-179.png,NotDetected
soloAUV 20220909-022649-132.png,NotDetected
soloAUV 20220909-022528-057.png,NotDetected
soloAUV 20220909-023240-449.png,NotDetected
soloAUV 20220909-022819-214.png,NotDetected
soloAUV 20220909-022921-270.png,NotDetected
soloAUV 20220909-022803-200.png,NotDetected
soloAUV 20220909-022646-130.png,NotDetected
soloAUV 20220909-022947-293.png,NotDetected
soloAUV 20220909-023043-344.png,NotDetected
soloAUV 20220909-022824-219.png,NotDetected
soloAUV 20220909-022905-255.png,NotDetected
soloAUV 20220909-022449-022.png,NotDetected
soloAUV 20220909-023220-431.png,NotDetected
soloAUV 20220909-022908-258.png,NotDetected
soloAUV 20220909-022726-167.png,NotDetected
soloAUV 20220909-022909-259.png,NotDetected
soloAUV 20220909-022622-108.png,NotDetected
soloAUV 20220909-023144-399.png,NotDetected
soloAUV 20220909-023114-371.png,NotDetected
soloAUV 20220909-023248-456.png,NotDetected
soloAUV 20220909-023131-387.png,NotDetected
soloAUV 20220909-022626-111.png,NotDetected
soloAUV 20220909-022831-225.png,NotDetected
soloAUV 20220909-022745-184.png,NotDetected
soloAUV 20220909-022813-209.png,NotDetected
soloAUV 20220909-023024-327.png,NotDetected
soloAUV 20220909-022717-158.png,NotDetected
soloAUV 20220909-023313-479.png,NotDetected
soloAUV 20220909-023107-365.png,NotDetected
soloAUV 20220909-023009-313.png,NotDetected
soloAUV 20220909-022942-289.png,NotDetected
soloAUV 20220909-022800-197.png,NotDetected
soloAUV 20220909-023321-486.png,NotDetected
soloAUV 20220909-022914-264.png,NotDetected
soloAUV 20220909-022850-242.png,NotDetected
soloAUV 20220909-023110-368.png,NotDetected
soloAUV 20220909-022651-134.png,NotDetected
soloAUV 20220909-023123-380.png,NotDetected
soloAUV 20220909-023335-498.png,NotDetected
soloAUV 20220909-022636-120.png,NotDetected
soloAUV 20220909-022526-055.png,NotDetected
soloAUV 20220909-022751-189.png,NotDetected
soloAUV 20220909-022438-011.png,NotDetected
soloAUV 20220909-022708-150.png,NotDetected
soloAUV 20220909-023141-396.png,NotDetected
